Serial Number,車位類別,車位價格,車位面積平方公尺,車位所在樓層
RPXNMLNLQHIGFCA58CC,坡道平面,0,34.14,地下一樓
RPQOMLLLQHIGFCA77CC,坡道平面,0,44.58,地下三樓
RPOOMLQKQHIGFBA87CC,坡道平面,0,33.69,地下五樓含以下
RPTNMLTJQHIGFAA38CC,坡道平面,0,52.43,地下二樓
RPRNMLRKQHIGFCA28CC,升降機械,3000,12.24,地下四樓
RPQNMLRJQHIGFCA08CC,坡道平面,0,,地下二樓
RPRNMLRLPHIGFCA28CC,坡道平面,0,29.99,地下一樓
RPRNMLRLPHIGFCA28CC,坡道平面,0,29.99,地下一樓
RPTNMLQLRHIGFCA58CC,坡道平面,0,30.1,地下一樓
RPOOMLLLRHIGFBB67CC,坡道平面,0,23.97,地下三樓
RPPNMLLLRHIGFBB67CC,坡道機械,0,,地下一樓
RPUNMLLLRHIGFCB28CC,坡道機械,1500,28.34,地下二樓
RPQNMLLLRHIGFIB48CC,坡道平面,0,33.78,地下二樓
RPPNMLLLRHIGFIB38CC,坡道平面,2500,25.37,地下三樓
RPPNMLMLRHIGFCB87CC,其他,2000,,地下一樓
RPXNMLMLRHIGFBB58CC,坡道平面,2000,29.81,地下三樓
RPPOMLMLRHIGFCB97CC,坡道平面,2000,,地下二樓
RPPNMLMLRHIGFDB97CC,一樓平面,0,,一樓
RPQNMLLLRHIGFFB18CC,坡道平面,300,27.74,地下二樓
RPSNMLLLRHIGFFB38CC,其他,2000,17.75,地下四樓
RPSNMLMLRHIGFFB48CC,坡道平面,1890,33.76,地下一樓
RPTNMLMLRHIGFFB58CC,坡道平面,2560,32.26,地下二樓
RPQNMLNLRHIGFBB97CC,坡道平面,3500,27.23,地下三樓
RPWNMLNLRHIGFBB58CC,坡道平面,3000,28.36,地下三樓
RPVNMLNLRHIGFBB48CC,坡道平面,2000,24.81,地下二樓
RPQOMLNLRHIGFBB08CC,坡道平面,1000,,地下一樓
RPQNMLNLRHIGFCB08CC,坡道平面,2000,28.35,地下四樓
RPTNMLNLRHIGFCB38CC,坡道平面,2000,,地下二樓
RPUNMLNLRHIGFCB48CC,坡道平面,0,23.98,地下二樓
RPVNMLNLRHIGFCB58CC,坡道平面,3000,35.91,地下四樓
RPPNMLNLRHIGFFB28CC,坡道平面,3000,26.16,地下二樓
RPQNMLNLRHIGFFB38CC,坡道平面,0,24.62,地下二樓
RPRNMLNLRHIGFHB68CC,升降機械,0,,地下一樓
RPTNMLPLRHIGFBB48CC,坡道平面,0,27.23,地下三樓
RPOOMLPLRHIGFBB08CC,坡道平面,2000,25.81,地下二樓
RPSNMLPLRHIGFCB48CC,坡道平面,0,35.95,地下四樓
RPSOMLPLRHIGFBB48CC,升降機械,0,13.22,地下二樓
RPQNMLPLRHIGFIB88CC,坡道平面,0,40.41,地下三樓
RPPNMLPLRHIGFIB78CC,坡道平面,0,31.04,地下二樓
RPQOMLPLRHIGFIB98CC,坡道平面,0,27.22,地下二樓
RPRNMLPLRHIGFHB88CC,坡道機械,0,11.64,地下一樓
RPRNMLPLRHIGFFB68CC,坡道平面,2000,25.22,地下一樓
RPQNMLPLRHIGFJB98CC,坡道平面,3000,64.48,地下一樓
RPRNMLPLRHIGFJB09CC,坡道平面,3000,29.96,地下三樓
RPUNMLQLRHIGFBB68CC,坡道機械,0,13.61,地下四樓
RPSOMLQLRHIGFBB58CC,坡道平面,2000,25.81,地下二樓
RPPNMLQLRHIGFCB28CC,坡道平面,3000,13.99,地下二樓
RPRNMLQLRHIGFCB48CC,坡道平面,2900,21.71,地下二樓
RPROMLQLRHIGFCB58CC,坡道平面,0,,地下二樓
RPUNMLQLRHIGFCB78CC,坡道機械,0,4.98,地下五樓含以下
RPRNMLQLRHIGFHB98CC,坡道機械,2500,12.98,地下二樓
RPQNMLQLRHIGFHB88CC,坡道平面,0,43.17,地下一樓
RPQNMLRLRHIGFBB38CC,坡道平面,0,36.2,地下一樓
RPQNMLRLRHIGFCB48CC,坡道機械,1700,,地下一樓
RPSPMLRLRHIGFBB78CC,坡道平面,3500,27.23,地下二樓
RPRPMLRLRHIGFBB68CC,坡道平面,3200,31.88,地下一樓
RPUNMLRLRHIGFCB88CC,升降平面,2500,16.53,地下一樓
RPTNMLRLRHIGFCB78CC,坡道機械,0,19.87,地下五樓含以下
RPPNMLRLRHIGFFB68CC,坡道平面,0,,地下一樓
RPRNMLRLRHIGFFB88CC,坡道平面,0,,地下二樓
RPQNMLRLRHIGFFB78CC,坡道平面,0,,地下一樓
RPSNMLRLRHIGFFB98CC,坡道平面,0,,地下三樓
RPRNMLRLRHIGFHB09CC,坡道平面,3000,,地下一樓
RPSNMLRLRHIGFHB56CC,坡道平面,0,,地下二樓
RPTNMLRLRHIGFIB76CC,坡道平面,0,33.78,地下四樓
RPTNMLSLRHIGFBB78CC,坡道機械,0,14.87,地下三樓
RPQNMLSLRHIGFBB48CC,坡道機械,2000,17.08,地下二樓
RPUNMLSLRHIGFBB88CC,坡道平面,0,,地下一樓
RPXNMLSLRHIGFCB66CC,升降機械,0,,地下一樓
RPROMLSLRHIGFCB78CC,坡道機械,0,32.66,地下三樓
RPTPMLSLRHIGFCB09CC,坡道機械,500,,地下一樓
RPUNMLSLRHIGFDB09CC,升降機械,0,21.59,地下二樓
RPOOMLSLRHIGFDB58CC,坡道平面,0,,一樓
RPTNMLSLRHIGFFB56CC,坡道平面,2500,31.04,地下一樓
RPPNMLSLRHIGFIB09CC,坡道平面,2500,,地下一樓
RPUNMLSLRHIGFFB66CC,坡道平面,3830,32.71,地下二樓
RPQOMLSLRHIGFCB68CC,坡道平面,0,,地下二樓
RPPPMLSLRHIGFIB66CC,坡道平面,0,38.51,地下三樓
RPUNMLTLRHIGFIB07CC,坡道平面,0,22.95,地下一樓
RPQNMLMJIIIGFCB96CC,坡道平面,0,30.11,地下三樓
RPSNMLMJIIIGFBB07CC,坡道平面,3000,41.25,地下四樓
RPSNMLNJIIIGFBB17CC,坡道機械,2000,15.94,地下三樓
RPVNMLNJIIIGFBB47CC,坡道平面,3500,27.9,地下二樓
RPOOMLOJIIIGFCB07CC,坡道平面,0,31.84,地下五樓含以下
RPVPMLOJIIIGFCB87CC,坡道平面,0,23.21,地下三樓
RPVNMLOJIIIGFCB67CC,坡道平面,0,20.01,地下一樓
RPSNMLOJIIIGFCB37CC,坡道平面,4000,4.98,地下三樓
RPTNMLOJIIIGFCB47CC,坡道平面,0,,地下二樓
RPTOMLOJIIIGFBB47CC,坡道機械,0,,地下二樓
RPUNMLQJIIIGFCB77CC,坡道平面,0,,地下二樓
RPRNMLTJIIIGFIB38CC,坡道平面,0,35.07,地下三樓
RPRNMLTJIIIGFBB67CC,坡道平面,3000,21.53,地下一樓
RPPNMLMKIIIGFCB96CC,坡道機械,0,,地下一樓
RPWNMLMKIIIGFBB57CC,坡道機械,0,,地下二樓
RPTNMLNKIIIGFCB47CC,坡道平面,0,20.1,地下五樓含以下
RPTNMLNKIIIGFCB47CC,坡道平面,0,20.1,二樓含以上
RPTNMLNKIIIGFCB47CC,坡道平面,0,20.1,二樓含以上
RPTNMLNKIIIGFCB47CC,坡道平面,0,20.1,二樓含以上
RPOPMLNKIIIGFCB17CC,升降機械,0,14.85,地下三樓
RPSNMLNKIIIGFDB47CC,坡道平面,0,33.05,地下一樓
RPRRMLNKIIIGFKB48CC,一樓平面,0,,一樓
RPVSMLNKIIIGFKB98CC,一樓平面,0,,一樓
RPVNMLOKIIIGFBB67CC,坡道平面,0,35.75,地下三樓
RPQNMLOKIIIGFCB27CC,坡道機械,0,17.48,地下二樓
RPXNMLQKIIIGFCB18CC,坡道平面,0,33.09,地下三樓
RPXNMLQKIIIGFCB18CC,坡道平面,0,33.09,地下三樓
RPPOMLQKIIIGFCB47CC,坡道平面,329,,地下二樓
RPQOMLQKIIIGFCB57CC,坡道平面,0,28.85,地下二樓
RPQOMLQKIIIGFCB57CC,坡道平面,0,28.85,地下二樓
RPOPMLLKIIIGFBB86CC,坡道機械,1500,14.9,地下二樓
RPSPMLLKIIIGFBB27CC,坡道平面,2000,23.52,地下三樓
RPSNMLRKIIIGFIB38CC,坡道機械,0,,地下二樓
RPPNMLRKIIIGFJB18CC,坡道機械,1500,,地下一樓
RPVNMLSKIIIGFBB08CC,坡道平面,2300,23.97,地下三樓
RPXOMLRKIIIGFBB28CC,坡道機械,1300,,地下一樓
RPUNMLTKIIIGFBB08CC,坡道平面,0,24.59,地下二樓
RPVNMLTKIIIGFCB28CC,坡道平面,2340,,地下二樓
RPQOMLTKIIIGFCB87CC,坡道平面,0,,地下一樓
RPUOMLTKIIIGFCB28CC,坡道平面,2000,16.62,地下二樓
RPRNMLKLIIIGFCB07CC,坡道機械,340,13.5,地下二樓
RPQNMLKLIIIGFBB86CC,坡道平面,0,27.15,地下四樓
RPPNMLMLIIIGFBB96CC,坡道平面,0,,地下一樓
RPPNMLNLIIIGFDB27CC,坡道機械,3000,11.62,地下一樓
RPUNMLOLIIIGFCB77CC,坡道平面,0,31.72,地下五樓含以下
RPPPMLOLIIIGFCB47CC,坡道機械,0,,地下一樓
RPPNMLQKIIIGFCB47DC,坡道平面,0,30.58,地下五樓含以下
RPPNMLQKIIIGFCB47DC,坡道機械,0,17.5,地下五樓含以下
RPTNMLQLIIIGFCB87CC,坡道平面,0,,地下三樓
RPROMLNLIIIGFBB37CC,坡道平面,1500,24.59,地下三樓
RPUOMLNLIIIGFBB67CC,升降機械,2000,,地下一樓
RPVNMLNLIIIGFBB67CC,坡道機械,0,,地下二樓
RPTNMLSLPHIGFDC88CC,坡道平面,0,27.13,地下二樓
RPSNMLSLPHIGFDC78CC,其他,0,18.37,地下二樓
RPPNMLLJNHIGFDC47DC,坡道機械,0,18.38,地下二樓
RPPNMLMLRHIGFDC08CC,坡道機械,0,4.1,地下一樓
RPUNMLLLRHIGFDC48CC,坡道平面,3000,17.52,地下五樓含以下
RPWNMLLLRHIGFAD48CC,坡道機械,0,23.35,地下三樓
RPTNMLLLRHIGFAD18CC,坡道平面,0,33.4,地下二樓
RPQOMLLLRHIGFAD97CC,一樓平面,0,,一樓
RPUOMLLLRHIGFAD38CC,坡道機械,0,,地下四樓
RPSNMLLLRHIGFBD18CC,坡道平面,2500,29.08,地下二樓
RPQNMLLLRHIGFHD58CC,坡道平面,3500,35.21,地下一樓
RPXNMLLLRHIGFKD96CC,一樓平面,0,,一樓
RPOOMLLLRHIGFKD78CC,其他,0,,地下一樓
RPTOMLLLRHIGFKD66CC,坡道平面,0,37.35,地下四樓
RPPNMLNLRHIGFGD58CC,坡道平面,2000,10.17,一樓
RPPNMLPLRHIGFCD38CC,坡道機械,0,,地下二樓
RPTNMLPLRHIGFAD58CC,坡道平面,0,32.55,地下四樓
RPOOMLPLRHIGFCD38CC,坡道平面,3300,,地下一樓
RPPOMLPLRHIGFCD48CC,坡道平面,3300,,地下一樓
RPSNMLQLRHIGFAD58CC,坡道平面,0,,地下一樓
RPPNMLRLRHIGFCD58CC,坡道平面,0,25.33,地下二樓
RPPNMLRLRHIGFBD48CC,坡道平面,0,25.6,地下一樓
RPPNMLRLRHIGFID56CC,坡道平面,0,23.08,地下一樓
RPSNMLRLRHIGFID86CC,坡道平面,0,17.45,地下二樓
RPOOMLSLRHIGFAD48CC,坡道平面,0,,地下一樓
RPSPMLSLRHIGFAD98CC,坡道平面,0,31.89,地下三樓
RPQPMLSLRHIGFAD78CC,坡道平面,0,,地下一樓
RPPNMLSLRHIGFBD58CC,坡道機械,2000,20.96,地下二樓
RPRPMLSLRHIGFAD88CC,坡道平面,0,33.38,地下二樓
RPPNMLSLRHIGFCD68CC,坡道平面,2500,,地下一樓
RPOOMLSLRHIGFCD68CC,坡道平面,0,25.79,地下三樓
RPROMLSLRHIGFCD98CC,坡道平面,0,,地下一樓
RPPNMLSLRHIGFID66CC,坡道平面,0,20.27,地下一樓
RPQOMLSLRHIGFKD07CC,坡道平面,0,37.35,地下五樓含以下
RPSNMLSLRHIGFID96CC,坡道平面,0,17.45,地下三樓
RPRNMLSLRHIGFID86CC,坡道平面,3000,16.89,地下四樓
RPSNMLNJIIIGFAD27CC,升降機械,0,,地下一樓
RPWNMLNJIIIGFAD67CC,坡道平面,0,,地下二樓
RPWNMLOJIIIGFAD77CC,坡道平面,0,,地下二樓
RPQNMLOJIIIGFKD18CC,坡道平面,0,,地下一樓
RPUNMLOJIIIGFCD77CC,坡道平面,0,,地下一樓
RPPNMLMJIIIGFHD57CC,坡道機械,0,,地下二樓
RPRNMLRJIIIGFBD67CC,坡道平面,0,25.44,地下一樓
RPRNMLTJIIIGFAD77CC,坡道平面,0,,地下一樓
RPQNMLTJIIIGFBD77CC,坡道平面,0,35.04,地下二樓
RPRNMLTJIIIGFCD97CC,坡道平面,1500,24.43,地下一樓
RPUNMLLKIIIGFKD38CC,坡道平面,0,14.41,地下二樓
RPVNMLLKIIIGFKD48CC,坡道平面,2000,37.35,地下二樓
RPQOMLLKIIIGFKD08CC,坡道機械,0,,地下二樓
RPRNMLMKIIIGFCD37CC,坡道機械,0,,地下一樓
RPQNMLNKIIIGFHD87CC,坡道平面,0,12.94,地下一樓
RPSNMLOKIIIGFAD47CC,坡道平面,0,16.55,地下一樓
RPVNMLQKIIIGFAD97CC,坡道機械,0,23.36,地下四樓
RPPNMLPKIIIGFID08CC,坡道平面,0,22.27,地下二樓
RPSNMLMKIIIGFCD47CC,坡道平面,0,,地下一樓
RPPNMLQKIIIGFKD38CC,一樓平面,0,,一樓
RPSNMLRKIIIGFBD87CC,坡道平面,2500,34.87,地下一樓
RPRNMLRKIIIGFCD87CC,坡道平面,0,,地下一樓
RPROMLRKIIIGFCD97CC,坡道平面,0,16.5,地下一樓
RPXOMLRKIIIGFCD58CC,坡道平面,0,24.43,地下二樓
RPTNMLRKIIIGFID68CC,坡道平面,0,20.52,地下二樓
RPVNMLRKIIIGFKD09CC,坡道平面,0,,地下二樓
RPRNMLSKIIIGFBD87CC,坡道平面,0,34.87,地下一樓
RPVNMLSKIIIGFKD56CC,坡道機械,1350,19.29,地下三樓
RPPNMLMLIIIGFKD08CC,其他,0,,地下一樓
RPSNMLOLIIIGFBD67CC,坡道平面,0,34.07,地下二樓
RPRNMLPLIIIGFBD67CC,坡道平面,2500,34.87,地下二樓
RPPNMLLLRHIGFAE87CC,坡道平面,0,32.78,地下四樓
RPSNMLLLRHIGFBE28CC,坡道平面,1700,12.65,地下五樓含以下
RPRNMLLLRHIGFBE18CC,坡道平面,2200,14.65,地下二樓
RPSOMLLLRHIGFBE38CC,坡道平面,0,14.9,地下三樓
RPPNMLLLRHIGFCE08CC,坡道平面,0,23.87,地下一樓
RPQNMLLLRHIGFDE28CC,坡道機械,0,6.64,地下三樓
RPQNMLLLRHIGFEE38CC,坡道平面,0,36.24,地下二樓
RPVNMLLLRHIGFGE09CC,坡道平面,0,23.1,地下二樓
RPPNMLLLRHIGFIE68CC,坡道平面,0,25.54,地下三樓
RPROMLMLRHIGFAE28CC,坡道平面,0,29.96,地下四樓
RPPOMLMLRHIGFAE08CC,坡道機械,0,,地下二樓
RPRNMLMLRHIGFEE58CC,坡道平面,0,,地下二樓
RPOOMLMLRHIGFEE38CC,坡道平面,0,21.82,地下二樓
RPOOMLMLRHIGFEE38CC,坡道機械,0,11.34,地下一樓
RPSNMLNLRHIGFAE38CC,坡道平面,0,49.04,地下四樓
RPUNMLNLRHIGFCE78CC,坡道平面,0,16.32,地下二樓
RPQNMLNLRHIGFDE48CC,坡道平面,0,17.6,地下二樓
RPVNMLNLRHIGFCE88CC,坡道平面,0,20.38,地下一樓
RPUNMLNLRHIGFEE98CC,坡道平面,2500,23.96,地下二樓
RPQNMLPLRHIGFAE38CC,坡道機械,0,,地下二樓
RPQNMLPLRHIGFBE48CC,升降機械,0,,地下二樓
RPVNMLPLRHIGFBE98CC,升降機械,0,2.41,地下一樓
RPWNMLPLRHIGFBE09CC,坡道平面,300,26.45,地下二樓
RPPNMLPLRHIGFDE58CC,坡道平面,0,38.2,地下一樓
RPSNMLNLRHIGFFE88CC,坡道機械,0,18.38,地下四樓
RPSOMLPLRHIGFDE98CC,坡道平面,0,37.99,地下三樓
RPUNMLPLRHIGFEE56CC,坡道平面,0,33.08,地下二樓
RPWNMLPLRHIGFEE76CC,坡道平面,0,27.47,地下三樓
RPQNMLPLRHIGFGE98CC,坡道平面,0,55.6,地下一樓
RPUNMLQLRHIGFBE98CC,坡道平面,0,17.68,地下二樓
RPQNMLQLRHIGFCE68CC,坡道平面,0,,地下五樓含以下
RPQNMLQLRHIGFDE78CC,坡道平面,0,23.23,地下一樓
RPWOMLQLRHIGFDE86CC,坡道平面,0,22.68,地下五樓含以下
RPUNMLQLRHIGFEE66CC,坡道平面,0,29.63,地下一樓
RPUNMLQLRHIGFEE66CC,坡道平面,0,29.63,地下四樓
RPUNMLQLRHIGFEE66CC,坡道平面,0,29.63,地下四樓
RPUNMLQLRHIGFEE66CC,坡道平面,0,29.63,地下四樓
RPQNMLQLRHIGFGE09CC,坡道機械,0,,地下二樓
RPQNMLRLRHIGFAE58CC,坡道平面,0,,地下一樓
RPTNMLRLRHIGFAE88CC,坡道平面,0,14.34,地下二樓
RPUNMLRLRHIGFAE98CC,坡道平面,0,29.14,地下四樓
RPVNMLRLRHIGFBE56CC,坡道平面,0,14.65,地下四樓
RPUNMLRLRHIGFDE66CC,坡道機械,0,6.6,地下二樓
RPWNMLRLRHIGFEE96CC,坡道平面,1300,21.56,地下三樓
RPVNMLRLRHIGFEE86CC,坡道平面,0,32.05,地下三樓
RPXNMLRLRHIGFEE07CC,坡道平面,0,,地下二樓
RPQOMLRLRHIGFEE09CC,坡道平面,0,16.52,地下二樓
RPROMLRLRHIGFEE56CC,升降機械,0,6.98,地下四樓
RPVOMLRLRHIGFEE96CC,坡道平面,0,37.99,地下三樓
RPTOMLRLRHIGFEE76CC,坡道平面,0,27.65,地下三樓
RPPOMLRLRHIGFFE09CC,其他,0,16.53,地下四樓
RPQOMLRLRHIGFFE56CC,坡道機械,0,18.38,地下五樓含以下
RPSOMLRLRHIGFFE76CC,坡道機械,0,9.1,地下三樓
RPQNMLRLRHIGFLE07CC,坡道機械,0,10.54,一樓
RPPNMLRLRHIGFGE56DC,坡道平面,0,16.76,地下二樓
RPRNMLSLRHIGFAE78CC,坡道平面,0,18.77,地下一樓
RPTNMLSLRHIGFAE98CC,坡道平面,0,30.04,地下一樓
RPQOMLSLRHIGFAE78CC,坡道平面,0,16.5,地下三樓
RPPOMLSLRHIGFBE78CC,坡道平面,0,27.04,地下三樓
RPQNMLSLRHIGFCE88CC,坡道平面,3000,40.97,地下二樓
RPOOMLSLRHIGFCE78CC,坡道平面,0,26.32,地下二樓
RPQOMLSLRHIGFDE09CC,坡道平面,0,17.6,地下二樓
RPXOMLSLRHIGFDE17CC,坡道平面,0,15.15,地下三樓
RPRNMLSLRHIGFEE56CC,坡道平面,0,16.57,地下三樓
RPTPMLSLRHIGFDE86CC,坡道平面,0,,地下一樓
RPSNMLSLRHIGFEE66CC,坡道平面,0,29.63,地下二樓
RPTNMLSLRHIGFEE76CC,坡道平面,0,16.11,地下一樓
RPQNMLSLRHIGFGE66CC,坡道平面,0,,地下一樓
RPRNMLSLRHIGFGE76CC,坡道平面,0,,地下一樓
RPSNMLSLRHIGFGE86CC,坡道平面,0,,地下一樓
RPSNMLSLRHIGFGE86CC,坡道平面,0,,地下一樓
RPTNMLSLRHIGFGE96CC,坡道平面,0,,地下一樓
RPUNMLSLRHIGFGE07CC,坡道平面,0,,地下一樓
RPVNMLSLRHIGFGE17CC,坡道平面,0,,地下一樓
RPWNMLSLRHIGFGE27CC,坡道平面,0,,地下一樓
RPRNMLKMRHIGFAE08CC,坡道平面,0,25.25,地下二樓
RPSNMLKMRHIGFAE18CC,坡道平面,0,26.86,地下三樓
RPPNMLKMRHIGFDE18CC,坡道平面,0,21.25,地下三樓
RPRNMLKMRHIGFEE48CC,坡道平面,0,30.12,地下二樓
RPQNMLKMRHIGFDE28CC,坡道機械,0,24.53,地下四樓
RPPNMLKMRHIGFGE48CC,坡道平面,0,18.85,地下三樓
RPPNMLMJIIIGFDE27CC,坡道平面,0,28.02,地下二樓
RPQNMLMJIIIGFDE37CC,坡道平面,0,22.68,地下一樓
RPQNMLMJIIIGFDE37CC,坡道平面,0,20.81,地下一樓
RPRNMLMJIIIGFDE47CC,坡道平面,0,28.02,地下二樓
RPPNMLNJIIIGFAE07CC,坡道平面,0,26.88,地下三樓
RPPNMLNJIIIGFAE07CC,坡道平面,0,26.88,地下三樓
RPWNMLNJIIIGFAE77CC,坡道機械,0,4.83,地下二樓
RPSNMLOJIIIGFEE87CC,坡道機械,1000,10.06,地下三樓
RPRNMLQJIIIGFAE57CC,坡道平面,0,24.24,地下二樓
RPQNMLQJIIIGFAE47CC,坡道平面,0,,地下二樓
RPQNMLLKIIIGFBE17CC,坡道平面,0,34.56,地下一樓
RPXNMLLKIIIGFGE38CC,坡道平面,0,,地下三樓
RPQNMLMKIIIGFEE57CC,坡道平面,0,25.19,地下一樓
RPWNMLMKIIIGFEE18CC,坡道平面,0,25.37,地下三樓
RPSOMLMKIIIGFEE87CC,坡道平面,0,25.37,地下三樓
RPUNMLMKIIIGFGE18CC,坡道平面,0,18.39,地下一樓
RPTOMLNKIIIGFAE67CC,坡道機械,0,6.02,地下二樓
RPPNMLOKIIIGFCE47CC,坡道機械,0,19.04,地下二樓
RPQNMLQKIIIGFDE87CC,坡道機械,0,6.95,地下三樓
RPTNMLQKIIIGFDE18CC,坡道平面,0,28.92,地下一樓
RPRNMLQKIIIGFGE28CC,坡道平面,0,18.81,地下二樓
RPRNMLRKIIIGFCE97CC,坡道機械,0,16.15,地下三樓
RPXNMLRKIIIGFDE68CC,坡道平面,0,22.19,地下二樓
RPQNMLRKIIIGFGE28CC,坡道平面,0,,地下一樓
RPTNMLSKIIIGFDE38CC,坡道平面,0,27.96,地下三樓
RPUNMLSKIIIGFEE58CC,坡道機械,0,7.05,地下一樓
RPRNMLSKIIIGFGE48CC,坡道平面,0,,地下一樓
RPUNMLSKIIIGFGE78CC,坡道平面,0,,地下一樓
RPUNMLSKIIIGFGE78CC,坡道平面,0,,地下二樓
RPVNMLSKIIIGFGE88CC,坡道平面,0,,地下一樓
RPTNMLTKIIIGFAE18CC,坡道機械,0,15.99,地下三樓
RPVNMLTKIIIGFBE48CC,塔式車位,0,21.82,
RPOOMLTKIIIGFEE18CC,坡道平面,0,22.87,地下三樓
RPRNMLKLIIIGFGE77CC,坡道平面,0,16.58,地下一樓
RPTNMLOLIIIGFDE08CC,坡道平面,0,28.14,地下二樓
RPQOMLPLIIIGFDE97CC,坡道平面,0,,地下二樓
RPSNMLPKQHIGFAF48CC,坡道平面,0,36.83,地下二樓
RPPNMLNLPHIGFAF97CC,坡道平面,0,34.91,地下五樓含以下
RPWNMLLLRHIGFBF78CC,坡道平面,0,27.18,地下四樓
RPQNMLLLRHIGFDF38CC,坡道平面,0,37.1,地下五樓含以下
RPPOMLLLRHIGFDF38CC,坡道平面,0,37.1,地下五樓含以下
RPPOMLLLRHIGFDF38CC,坡道平面,0,37.1,地下五樓含以下
RPTNMLLKQHIGFGF78CC,坡道平面,0,21.62,地下二樓
RPXNMLLLRHIGFDF09CC,坡道平面,0,23.03,地下二樓
RPPOMLLLRHIGFGF68CC,坡道平面,0,30.24,地下一樓
RPUNMLLLRHIGFHF56CC,坡道平面,0,20.39,地下四樓
RPVNMLLLRHIGFHF66CC,坡道平面,0,39.7,地下四樓
RPTNMLMLRHIGFBF58CC,坡道平面,3000,30.71,地下五樓含以下
RPVNMLMLRHIGFBF78CC,坡道平面,3000,33.08,地下二樓
RPXNMLMLRHIGFBF98CC,坡道平面,3500,,地下一樓
RPROMLMLRHIGFBF48CC,坡道平面,0,23.17,地下一樓
RPTOMLMLRHIGFBF68CC,坡道平面,0,29.72,地下一樓
RPQNMLLKQHIGFCF08CC,坡道平面,0,34.97,地下二樓
RPPOMLMLRHIGFCF38CC,坡道平面,0,,地下二樓
RPSNMLMLRHIGFDF68CC,坡道平面,0,38.24,地下二樓
RPQPMLMLRHIGFGF98CC,坡道平面,0,26.99,地下二樓
RPRPMLMLRHIGFGF09CC,坡道平面,0,26.99,地下三樓
RPRNMLMLRHIGFHF98CC,升降機械,3000,17.3,地下一樓
RPSNMLMLRHIGFIF56CC,坡道平面,0,39.03,地下二樓
RPTNMLNLRHIGFAF58CC,坡道平面,0,30.96,地下一樓
RPTNMLOKPHIGFCF58CC,坡道平面,0,31.76,地下二樓
RPRNMLNLRHIGFDF68CC,坡道平面,0,31.51,地下五樓含以下
RPRNMLNLRHIGFDF68CC,坡道平面,0,31.51,地下五樓含以下
RPSNMLNLRHIGFGF09CC,升降平面,3000,46.02,地下四樓
RPQOMLNLRHIGFGF98CC,升降平面,0,46.02,地下五樓含以下
RPUQMLNLRHIGFGF96CC,升降平面,0,46.02,地下五樓含以下
RPQRMLNLRHIGFGF66CC,坡道平面,0,33.06,地下一樓
RPSNMLNLRHIGFIF66CC,坡道平面,0,34.48,地下一樓
RPWNMLPKQHIGFAF88CC,坡道平面,3000,30.39,地下三樓
RPRNMLLKQHIGFBF08CC,坡道平面,0,39.14,地下一樓
RPTNMLKMQHIGFBF38CC,坡道平面,3000,24.18,地下二樓
RPSOMLPLRHIGFBF88CC,坡道機械,3000,15.72,地下三樓
RPXNMLPLRHIGFBF66CC,坡道平面,3000,35.75,地下三樓
RPOPMLPLRHIGFBF58CC,坡道平面,0,22.65,地下四樓
RPPNMLPLRHIGFDF68CC,升降平面,0,,地下三樓
RPTNMLPLRHIGFGF76CC,坡道平面,3100,31.06,地下二樓
RPQPMLPLRHIGFGF66CC,升降平面,0,46.02,地下四樓
RPPNMLQLRHIGFBF58CC,坡道平面,3000,29.3,地下四樓
RPSNMLQLRHIGFBF88CC,坡道平面,3500,27.92,地下一樓
RPTNMLQLRHIGFBF98CC,坡道平面,3000,30.71,地下四樓
RPVNMLQLRHIGFBF56CC,坡道平面,3000,30.39,地下三樓
RPTNMLQLRHIGFIF07CC,坡道平面,2500,48.49,地下三樓
RPTNMLRLRHIGFCF56CC,坡道機械,0,18.63,地下一樓
RPWNMLRLRHIGFGF27CC,坡道平面,3000,42.07,地下一樓
RPQOMLRLRHIGFGF76CC,坡道平面,0,26.99,地下三樓
RPPNMLRLRHIGFIF76CC,坡道平面,1500,,地下一樓
RPQOMLSLRHIGFAF88CC,坡道平面,0,19.4,地下二樓
RPQOMLSLRHIGFBF98CC,坡道平面,3000,35.02,地下二樓
RPTNMLSLRHIGFCF66CC,坡道平面,0,31.76,地下三樓
RPRNMLSLRHIGFCF09CC,坡道平面,0,31.76,地下三樓
RPUNMLSLRHIGFCF76CC,坡道平面,0,31.76,地下三樓
RPWNMLSLRHIGFCF96CC,坡道平面,0,31.76,地下三樓
RPVNMLSLRHIGFCF86CC,坡道平面,0,31.76,地下三樓
RPQNMLSLRHIGFDF09CC,坡道平面,1000,31.16,地下二樓
RPVNMLSLRHIGFDF96CC,坡道平面,0,47.8,地下一樓
RPROMLSLRHIGFHF07CC,坡道平面,4500,,地下一樓
RPPOMLMJIIIGFBF27CC,坡道平面,0,21.75,地下三樓
RPRNMLNJIIIGFBF47CC,坡道平面,3000,35.85,地下四樓
RPTNMLNJIIIGFBF67CC,坡道平面,3000,22.66,地下三樓
RPRNMLNJIIIGFDF67CC,坡道平面,4547,23.03,地下四樓
RPWOMLNJIIIGFIF78CC,坡道平面,0,46.16,地下三樓
RPPNMLOJIIIGFBF37CC,坡道平面,3000,35.85,地下三樓
RPTNMLOJIIIGFBF77CC,坡道平面,3000,42.53,地下二樓
RPOOMLOJIIIGFBF37CC,坡道平面,3000,28.24,地下四樓
RPPNMLOJIIIGFCF47CC,坡道平面,2000,24.3,地下五樓含以下
RPVNMLOJIIIGFIF68CC,升降機械,830,,地下一樓
RPUNMLPJIIIGFBF97CC,坡道平面,4000,35.37,地下一樓
RPSNMLPJIIIGFBF77CC,坡道平面,3000,35.85,地下四樓
RPTOMLPJIIIGFGF48CC,坡道平面,0,39.65,地下四樓
RPSOMLPJIIIGFGF38CC,坡道平面,0,26.99,地下三樓
RPVNMLPJIIIGFHF68CC,坡道平面,0,39.7,地下二樓
RPQNMLPJIIIGFIF28CC,坡道平面,3000,33.92,地下一樓
RPROMLPJIIIGFIF48CC,坡道平面,0,24.81,地下一樓
RPXNMLPJIIIGFIF98CC,坡道平面,0,36.14,地下二樓
RPWNMLQJIIIGFBF28CC,坡道平面,3000,,地下二樓
RPUNMLQJIIIGFDF28CC,升降機械,0,24.31,地下四樓
RPUNMLQJIIIGFDF28CC,升降機械,0,24.31,地下四樓
RPQNMLQJIIIGFGF18CC,坡道平面,0,34.45,地下二樓
RPQNMLQJIIIGFGF18CC,坡道平面,0,34.45,地下二樓
RPTOMLQJIIIGFGF58CC,坡道平面,3500,29.74,地下四樓
RPVNMLQJIIIGFHF78CC,坡道平面,0,31.63,地下二樓
RPPNMLTJIIIGFBF87CC,坡道平面,0,,地下二樓
RPQOMLLKIIIGFBF37CC,坡道平面,3000,25.2,地下二樓
RPWNMLMKIIIGFBF97CC,坡道平面,0,21.5,地下一樓
RPTNMLMKIIIGFGF18CC,坡道平面,0,31.67,地下三樓
RPPNMLMKIIIGFDF47CC,坡道平面,0,48.03,地下一樓
RPTNMLMKIIIGFIF38CC,升降平面,0,29.75,地下二樓
RPOOMLNKIIIGFBF37CC,坡道平面,0,19.9,地下三樓
RPXNMLNKIIIGFBF18CC,坡道平面,0,32.43,地下三樓
RPPNMLNKIIIGFIF08CC,坡道平面,0,42.33,地下四樓
RPSNMLOKIIIGFHF38CC,坡道平面,0,26.37,地下四樓
RPPNMLOKIIIGFIF18CC,坡道機械,0,11.19,地下一樓
RPPNMLPKIIIGFBF57CC,坡道平面,0,33.06,地下一樓
RPPNMLPKIIIGFGF08CC,坡道平面,0,46.22,地下一樓
RPUNMLQKIIIGFBF18CC,坡道平面,3400,33.86,地下三樓
RPVOMLQKIIIGFCF48CC,坡道平面,5000,33.08,地下三樓
RPVNMLQKIIIGFDF48CC,坡道平面,0,,地下二樓
RPUNMLQKIIIGFHF78CC,坡道平面,0,35.94,地下四樓
RPOOMLRKIIIGFAF67CC,坡道平面,0,,地下一樓
RPXNMLRKIIIGFCF68CC,坡道機械,0,,地下五樓含以下
RPXNMLRKIIIGFCF68CC,坡道機械,0,,地下五樓含以下
RPXNMLRKIIIGFBF58CC,坡道平面,3000,28.81,地下二樓
RPXNMLRKIIIGFCF68CC,坡道機械,0,,地下五樓含以下
RPXNMLRKIIIGFCF68CC,坡道機械,0,,地下五樓含以下
RPXNMLRKIIIGFCF68CC,坡道機械,0,,地下五樓含以下
RPQPMLSKIIIGFAF08CC,坡道平面,0,22.06,地下四樓
RPQNMLSKIIIGFBF97CC,坡道平面,0,,地下一樓
RPOPMLSKIIIGFBF97CC,坡道平面,3000,33.86,地下四樓
RPPNMLSKIIIGFIF58CC,坡道平面,2000,34.23,地下二樓
RPWNMLTKIIIGFBF68CC,坡道平面,0,33.23,地下一樓
RPQNMLTKIIIGFIF78CC,坡道平面,400,28.09,地下二樓
RPQNMLKLIIIGFGF77CC,坡道平面,0,31.67,地下二樓
RPVNMLKLIIIGFGF28CC,坡道平面,0,31.67,地下二樓
RPRNMLPLIIIGFBF87CC,坡道平面,0,30.29,地下三樓
RPPNMLMLRHIGFAG18CC,坡道平面,0,,地下一樓
RPPNMLNLRHIGFAG28CC,坡道平面,0,,地下一樓
RPTNMLNLRHIGFAG68CC,一樓平面,0,,一樓
RPPNMLNLRHIGFBG38CC,坡道平面,0,,地下一樓
RPRNMLRLRHIGFAG88CC,坡道平面,0,,地下一樓
RPWNMLRLRHIGFAG76CC,坡道平面,0,,一樓
RPRNMLTKIIIGFBG28CC,一樓平面,0,,一樓
RPRNMLTKIIIGFBG28CC,一樓平面,0,,一樓
RPSNMLTKIIIGFAG28CC,一樓平面,0,,一樓
RPTNMLTKIIIGFAG38CC,升降機械,0,,地下二樓
RPPNMLLLRHIGFAH18CC,坡道平面,3000,34.69,地下二樓
RPXNMLLLRHIGFAH98CC,坡道平面,3000,37.69,地下三樓
RPSNMLLLRHIGFAH48CC,坡道平面,3000,31.45,地下一樓
RPROMLLLRHIGFAH48CC,坡道平面,2500,,地下二樓
RPWQMLLLRHIGFAH56CC,坡道平面,2400,41.17,地下二樓
RPRNMLLLRHIGFBH48CC,坡道平面,2500,,地下一樓
RPSNMLLLRHIGFBH58CC,坡道平面,3000,33.9,地下三樓
RPSNMLLLRHIGFBH58CC,坡道平面,3000,33.9,地下三樓
RPUNMLLLRHIGFBH78CC,坡道平面,2500,34.69,地下二樓
RPTOMLLLRHIGFBH78CC,坡道平面,2000,33.72,地下三樓
RPPPMLLLRHIGFBH48CC,坡道平面,2000,27.35,地下一樓
RPOPMLLLRHIGFBH38CC,坡道平面,2000,,地下一樓
RPPQMLLLRHIGFBH58CC,一樓平面,2000,,一樓
RPRQMLLLRHIGFBH78CC,坡道平面,3000,32.99,地下一樓
RPVQMLLLRHIGFBH56CC,坡道平面,2400,27.07,地下三樓
RPUQMLLLRHIGFBH09CC,坡道平面,1400,,地下一樓
RPSRMLLLRHIGFBH98CC,坡道平面,2800,30.23,地下二樓
RPWRMLLLRHIGFBH76CC,坡道平面,3000,,地下一樓
RPRSMLLLRHIGFBH98CC,坡道平面,3000,31.73,地下二樓
RPVSMLLLRHIGFBH76CC,坡道平面,3000,31.73,地下一樓
RPXSMLLLRHIGFBH96CC,坡道平面,1000,29.77,地下一樓
RPQTMLLLRHIGFBH98CC,坡道平面,3000,25.71,地下三樓
RPWNMLTLQHIGFBH07CC,坡道平面,2000,26.45,地下一樓
RPOOMLLLRHIGFCH38CC,坡道平面,2000,,地下一樓
RPWNMLLLRHIGFCH09CC,坡道平面,0,37.2,地下二樓
RPUNMLLLRHIGFDH98CC,坡道平面,2300,36.38,地下三樓
RPQOMLLLRHIGFCH58CC,坡道平面,2000,,地下三樓
RPPOMLLLRHIGFCH48CC,坡道平面,2500,,地下一樓
RPVNMLLLRHIGFEH56CC,坡道平面,3000,29.71,地下二樓
RPTNMLLLRHIGFEH98CC,坡道平面,1500,,地下一樓
RPWOMLLLRHIGFEH76CC,坡道平面,2000,,地下一樓
RPORMLLLRHIGFEH88CC,坡道平面,3000,19.98,地下二樓
RPXQMLLLRHIGFEH07CC,坡道平面,3000,24.41,地下三樓
RPPNMLLLRHIGFFH68CC,坡道平面,1000,27.94,地下二樓
RPTNMLLLRHIGFFH09CC,坡道平面,3000,25.78,地下一樓
RPUNMLLLRHIGFFH56CC,坡道平面,2000,40.1,地下一樓
RPWNMLLLRHIGFFH76CC,坡道平面,1800,23.77,地下一樓
RPOOMLLLRHIGFFH68CC,坡道平面,2000,40.1,地下一樓
RPROMLLLRHIGFFH98CC,坡道平面,1200,31.19,地下三樓
RPVOMLLLRHIGFFH76CC,坡道平面,2000,,地下二樓
RPSOMLLLRHIGFFH09CC,坡道平面,2500,,地下一樓
RPUOMLLLRHIGFFH66CC,坡道平面,3000,35.49,地下一樓
RPXOMLLLRHIGFFH96CC,坡道平面,500,,地下一樓
RPQPMLLLRHIGFFH98CC,坡道平面,2000,35.49,地下一樓
RPPPMLLLRHIGFFH88CC,坡道平面,2500,25.89,地下一樓
RPUPMLLLRHIGFFH76CC,坡道平面,3000,24.76,地下二樓
RPQOMLLLRHIGFGH98CC,坡道平面,2500,35.64,地下一樓
RPQOMLNJIIHGFHH18CC,坡道平面,0,29.4,地下三樓
RPPOMLNJIIHGFHH08CC,坡道平面,0,33.21,地下三樓
RPPNMLSJMHIGFHH88CC,坡道平面,0,33.21,地下四樓
RPQNMLMJLHIGFHH28CC,坡道平面,0,29.13,地下四樓
RPOOMLLLRHIGFHH88CC,坡道平面,3000,26.11,地下二樓
RPWNMLLLRHIGFHH96CC,坡道平面,2500,42.34,地下一樓
RPPOMLLLRHIGFHH98CC,坡道平面,0,,地下一樓
RPSNMLMLRHIGFAH58CC,升降機械,3000,,地下三樓
RPUQMLKMQHIGFAH88CC,坡道平面,1500,,地下一樓
RPPNMLLLRHIGFAH28DC,坡道平面,0,36.03,地下二樓
RPWQMLKMQHIGFAH09CC,坡道平面,2500,,地下一樓
RPTNMLMLRHIGFAH68CC,坡道平面,2500,28.76,地下一樓
RPXNMLMLRHIGFAH09CC,坡道平面,2000,34.58,地下三樓
RPQOMLMLRHIGFAH48CC,坡道平面,2000,31.82,地下二樓
RPVOMLMLRHIGFAH98CC,坡道平面,2500,28.05,地下二樓
RPSPMLMLRHIGFAH78CC,坡道平面,3000,32.26,地下一樓
RPXPMLMLRHIGFAH66CC,坡道平面,0,33.87,地下一樓
RPSQMLMLRHIGFAH88CC,坡道平面,3000,,地下二樓
RPTRMLMLRHIGFAH09CC,坡道機械,0,10.49,地下二樓
RPVRMLMLRHIGFAH66CC,坡道平面,0,29.26,地下一樓
RPSSMLMLRHIGFAH09CC,坡道平面,3000,,地下一樓
RPWTMLMLRHIGFAH96CC,坡道機械,3000,13.21,地下一樓
RPPUMLMLRHIGFAH98CC,坡道平面,2500,,地下二樓
RPQUMLMLRHIGFAH09CC,坡道平面,2000,,地下四樓
RPWUMLMLRHIGFAH07CC,坡道平面,2600,,地下一樓
RPQNMLMLRHIGFBH48CC,坡道平面,3000,31.06,地下二樓
RPWNMLMLRHIGFBH09CC,坡道平面,3000,,地下三樓
RPXNMLMLRHIGFBH56CC,一樓平面,0,,一樓
RPUOMLMLRHIGFBH98CC,坡道平面,1200,34.1,地下一樓
RPSOMLMLRHIGFBH78CC,坡道平面,2000,,地下一樓
RPVOMLMLRHIGFBH09CC,坡道平面,2000,36.6,地下一樓
RPWOMLMLRHIGFBH56CC,坡道平面,2000,37.65,地下一樓
RPXOMLMLRHIGFBH66CC,一樓平面,2500,23.41,一樓
RPTQMLMLRHIGFBH09CC,坡道平面,1000,,地下一樓
RPVQMLMLRHIGFBH66CC,坡道平面,1000,,地下一樓
RPQRMLMLRHIGFBH88CC,坡道平面,2000,24.12,地下三樓
RPRRMLMLRHIGFBH98CC,坡道機械,2000,,地下二樓
RPTSMLMLRHIGFBH66CC,一樓平面,3000,,一樓
RPXSMLMLRHIGFBH07CC,坡道平面,3500,,地下二樓
RPOTMLMLRHIGFBH88CC,坡道平面,3000,37.69,地下二樓
RPTNMLMLRHIGFCH88CC,坡道平面,2010,26.45,地下三樓
RPRNMLMLRHIGFDH78CC,坡道平面,1300,28.91,地下二樓
RPRRMLTLQHIGFAH86CC,坡道平面,0,47.26,地下一樓
RPVNMLMLRHIGFEH66CC,坡道平面,1000,,地下二樓
RPRPMLMLRHIGFEH09CC,坡道平面,2500,,地下一樓
RPSPMLMLRHIGFEH56CC,坡道平面,3000,14.74,地下一樓
RPRNMLMLRHIGFFH98CC,坡道平面,2500,38.47,地下三樓
RPXNMLMLRHIGFFH96CC,坡道平面,3000,32.01,地下一樓
RPOOMLMLRHIGFFH78CC,坡道平面,2500,25.89,地下一樓
RPROMLMLRHIGFFH09CC,坡道平面,3000,32.75,地下一樓
RPTNMLMLRHIGFGH66CC,坡道平面,2000,27.96,地下一樓
RPQOMLMLRHIGFGH09CC,坡道平面,3000,13.76,地下一樓
RPQNMLNLQHIGFFH88CC,坡道平面,0,,地下二樓
RPOPMLMLRHIGFGH98CC,坡道平面,2500,31.43,地下一樓
RPPPMLMLRHIGFGH09CC,坡道平面,1000,,地下三樓
RPTNMLMLRHIGFHH76CC,坡道平面,1300,29.14,地下四樓
RPSNMLMLRHIGFHH66CC,坡道平面,2500,23.76,地下三樓
RPRNMLNLRHIGFAH58CC,坡道平面,2000,21.43,地下二樓
RPUNMLNLRHIGFAH88CC,坡道平面,2500,,地下一樓
RPVNMLNLRHIGFAH98CC,坡道平面,0,,地下二樓
RPWNMLNLRHIGFAH09CC,坡道平面,2500,,地下二樓
RPTOMLNLRHIGFAH88CC,坡道平面,2000,,地下一樓
RPUQMLNLRHIGFAH56CC,坡道平面,0,23.49,地下三樓
RPUNMLNLRHIGFBH98CC,坡道平面,2200,,地下二樓
RPWOMLNLRHIGFBH66CC,坡道平面,2000,28.28,地下三樓
RPVPMLNLRHIGFBH66CC,坡道平面,2000,43.65,地下三樓
RPWPMLNLRHIGFBH76CC,坡道平面,0,26.45,地下一樓
RPTQMLNLRHIGFBH56CC,坡道平面,2500,22.24,地下二樓
RPXQMLNLRHIGFBH96CC,坡道平面,2000,28.42,地下三樓
RPTNMLNLRHIGFCH98CC,坡道平面,0,50.99,地下二樓
RPPNMLNLRHIGFDH68CC,坡道平面,2500,29.34,地下二樓
RPUNMLNLRHIGFCH09CC,坡道平面,0,,地下一樓
RPRNMLNLRHIGFDH88CC,坡道平面,3000,,地下一樓
RPWNMLNLRHIGFDH76CC,坡道平面,2500,31.74,地下三樓
RPQNMLNLRHIGFEH88CC,坡道平面,1250,27.99,地下二樓
RPQNMLNLRHIGFEH88CC,坡道平面,1250,27.99,地下二樓
RPSNMLNLRHIGFEH09CC,坡道機械,1000,16.55,地下一樓
RPQNMLNLRHIGFFH98CC,坡道平面,3000,34.77,地下二樓
RPRNMLNLRHIGFFH09CC,坡道機械,1500,13.97,地下一樓
RPRNMLNLRHIGFFH09CC,坡道機械,1500,13.97,地下一樓
RPTNMLNLRHIGFFH66CC,坡道平面,2500,29.37,地下一樓
RPTNMLNLRHIGFFH66CC,坡道平面,2500,29.37,地下一樓
RPVNMLNLRHIGFFH86CC,坡道平面,2000,38.87,地下三樓
RPRNMLMLQHIGFGH98CC,坡道平面,0,31.43,地下一樓
RPPNMLNLRHIGFGH98CC,坡道平面,2500,38.69,地下二樓
RPPNMLMLRHIGFHH09DC,坡道平面,0,,地下一樓
RPPNMLMLRHIGFHH09DC,坡道平面,0,,地下一樓
RPQNMLNLRHIGFGH09CC,坡道平面,3000,34.66,地下二樓
RPUNMLNLRHIGFGH86CC,坡道平面,3000,31.43,地下二樓
RPVNMLNLRHIGFGH96CC,坡道平面,1000,31.29,地下二樓
RPTNMLNLRHIGFGH76CC,坡道平面,2000,33.69,地下三樓
RPXNMLNLRHIGFGH17CC,坡道平面,2000,38.94,地下一樓
RPPOMLNLRHIGFGH09CC,坡道平面,3000,22.61,地下三樓
RPTOMLNLRHIGFGH86CC,坡道平面,2000,37.48,地下三樓
RPSOMLNLRHIGFGH76CC,坡道平面,0,33.69,地下一樓
RPROMLNLRHIGFGH66CC,坡道平面,1000,31.29,地下一樓
RPTNMLNLRHIGFHH86CC,升降平面,2500,26.8,地下二樓
RPXNMLNLRHIGFHH27CC,坡道平面,0,25.69,地下二樓
RPWNMLNLRHIGFHH17CC,坡道平面,2500,28.75,地下四樓
RPQOMLNLRHIGFHH66CC,坡道平面,1500,26.8,地下二樓
RPROMLNLRHIGFHH76CC,坡道機械,2000,,地下三樓
RPTOMLNLRHIGFHH96CC,坡道平面,3000,32.44,地下二樓
RPVNMLPLRHIGFAH56CC,坡道平面,3000,33.78,地下二樓
RPQOMLPLRHIGFAH78CC,坡道平面,0,25.6,地下二樓
RPOPMLPLRHIGFAH68CC,坡道平面,0,3.21,地下三樓
RPVPMLPLRHIGFAH76CC,坡道平面,2000,,地下二樓
RPVQMLPLRHIGFAH86CC,坡道平面,2700,30.96,地下一樓
RPORMLPLRHIGFAH88CC,坡道平面,0,,地下三樓
RPPRMLPLRHIGFAH98CC,坡道平面,2500,,地下三樓
RPWNMLPLRHIGFBH76CC,坡道平面,0,,地下二樓
RPSNMLPLRHIGFBH98CC,坡道平面,3000,35.71,地下二樓
RPTOMLPLRHIGFBH56CC,坡道平面,0,24.93,地下二樓
RPQPMLPLRHIGFBH98CC,坡道機械,2000,18.61,地下二樓
RPRPMLPLRHIGFBH09CC,坡道平面,2500,27.06,地下三樓
RPQNMLMLRHIGFHH56DC,坡道平面,0,,地下一樓
RPQNMLMLRHIGFHH56DC,坡道平面,0,,地下一樓
RPTPMLPLRHIGFBH66CC,坡道平面,0,36.79,地下三樓
RPOQMLPLRHIGFBH88CC,坡道平面,3000,30.77,地下一樓
RPUQMLPLRHIGFBH86CC,坡道機械,2000,22.35,地下三樓
RPPNMLPLRHIGFCH78CC,坡道平面,3500,,地下一樓
RPPOMLPLRHIGFCH88CC,坡道平面,0,,地下一樓
RPPNMLPLRHIGFDH88CC,坡道平面,1600,29.13,地下二樓
RPSNMLPLRHIGFDH56CC,坡道平面,2500,29.34,地下二樓
RPSNMLPLRHIGFEH66CC,坡道平面,0,26.44,地下一樓
RPTNMLPLRHIGFEH76CC,坡道平面,0,36.04,地下一樓
RPOOMLPLRHIGFEH98CC,坡道平面,0,,地下一樓
RPWNMLNLQHIGFFH86CC,坡道平面,200,27.55,地下二樓
RPRNMLPLRHIGFFH66CC,坡道平面,3500,26.93,地下一樓
RPTNMLPLRHIGFFH86CC,坡道平面,1000,29.48,地下二樓
RPSNMLPLRHIGFFH76CC,坡道平面,2200,31.19,地下三樓
RPPNMLPLRHIGFGH56CC,坡道平面,1500,28.93,地下二樓
RPQOMLPLRHIGFFH66CC,坡道平面,2000,22.49,地下三樓
RPUNMLPLRHIGFGH07CC,坡道平面,2000,34.66,地下二樓
RPPNMLPLRHIGFHH66CC,坡道平面,2500,25.69,地下一樓
RPXNMLPLRHIGFGH37CC,坡道平面,3000,26.74,地下一樓
RPQNMLPLRHIGFHH76CC,坡道平面,0,33.61,地下二樓
RPXNMLPLRHIGFHH47CC,坡道平面,0,,地下一樓
RPXNMLQLRHIGFAH86CC,坡道平面,0,,地下一樓
RPPPMLQLRHIGFAH88CC,坡道平面,3000,,地下一樓
RPRQMLQLRHIGFAH56CC,坡道平面,2648,32.84,地下二樓
RPSQMLQLRHIGFAH66CC,坡道平面,0,,地下二樓
RPQNMLQLRHIGFBH88CC,坡道平面,2000,27.85,地下二樓
RPOOMLQLRHIGFBH78CC,坡道平面,0,,地下二樓
RPRNMLSKPHIGFHH86CC,坡道平面,0,23.93,地下一樓
RPRNMLSKPHIGFHH86CC,坡道平面,0,23.93,地下一樓
RPROMLQLRHIGFBH09CC,坡道平面,0,28.51,地下三樓
RPRPMLQLRHIGFBH56CC,坡道平面,2500,27.85,地下二樓
RPQQMLQLRHIGFBH56CC,坡道平面,0,38.62,地下二樓
RPQQMLQLRHIGFBH56CC,坡道平面,0,38.62,地下二樓
RPRRMLQLRHIGFBH76CC,坡道平面,2500,43.01,地下二樓
RPQRMLQLRHIGFBH66CC,坡道平面,2000,33.32,地下二樓
RPPNMLQLRHIGFCH88CC,坡道平面,2500,30.2,地下二樓
RPRNMLQLRHIGFEH66CC,坡道平面,1500,29.18,地下一樓
RPSNMLQLRHIGFDH66CC,坡道平面,2000,,地下二樓
RPSNMLQLRHIGFEH76CC,坡道平面,0,,地下三樓
RPTNMLQLRHIGFEH86CC,坡道平面,0,,地下一樓
RPXNMLQLRHIGFFH37CC,坡道平面,0,31.32,地下二樓
RPVNMLQLRHIGFFH17CC,坡道平面,0,25.89,地下二樓
RPRNMLQLRHIGFGH86CC,坡道平面,1500,28.92,地下一樓
RPWNMLQLRHIGFGH37CC,坡道平面,1000,39.71,地下三樓
RPPOMLQLRHIGFGH76CC,坡道平面,1000,26.45,地下一樓
RPSOMLQLRHIGFGH07CC,坡道平面,0,,地下三樓
RPTOMLQLRHIGFGH17CC,坡道平面,3000,41.85,地下三樓
RPOOMLQLRHIGFHH76CC,坡道機械,2500,13.23,地下三樓
RPPNMLRLRHIGFAH78CC,坡道平面,0,,地下一樓
RPSNMLRLRHIGFAH09CC,坡道平面,3000,,地下二樓
RPRPMLRLRHIGFAH56CC,坡道平面,0,,地下二樓
RPUPMLRLRHIGFAH86CC,坡道平面,3000,,地下三樓
RPSOMLRLRHIGFBH66CC,坡道平面,2000,31.07,地下五樓含以下
RPPPMLRLRHIGFBH09CC,坡道平面,0,,地下三樓
RPQPMLRLRHIGFBH56CC,坡道平面,0,,地下二樓
RPWPMLRLRHIGFBH17CC,坡道平面,0,26.44,地下一樓
RPPQMLRLRHIGFBH56CC,坡道平面,2000,26.44,地下二樓
RPSQMLRLRHIGFBH86CC,坡道平面,2000,30.83,地下三樓
RPQNMLRLRHIGFCH09CC,坡道平面,0,37.2,地下一樓
RPPNMLRLRHIGFDH09CC,坡道平面,3000,,地下二樓
RPUNMLRLRHIGFDH96CC,坡道平面,500,25.67,地下三樓
RPTOMLRLRHIGFEH07CC,坡道平面,1000,,地下一樓
RPSOMLRLRHIGFEH96CC,坡道平面,0,32.87,地下一樓
RPQNMLRLRHIGFFH76CC,坡道平面,0,34.65,地下二樓
RPPOMLRLRHIGFFH76CC,坡道平面,2000,26.22,地下一樓
RPSNMLRLRHIGFHH17CC,坡道平面,2500,33.03,地下二樓
RPWNMLRLRHIGFHH57CC,坡道平面,0,,地下三樓
RPPNMLSLRHIGFAH88CC,坡道平面,2500,26.57,地下二樓
RPRNMLSLRHIGFAH09CC,坡道平面,0,,地下一樓
RPVNMLSLRHIGFAH86CC,坡道機械,3000,,地下一樓
RPOOMLSLRHIGFAH88CC,坡道平面,3000,26.57,地下四樓
RPPNMLSLRHIGFBH98CC,坡道平面,2500,,地下一樓
RPRNMLSLRHIGFBH56CC,坡道平面,0,27.82,地下二樓
RPRNMLSLRHIGFBH56CC,坡道平面,0,27.82,地下二樓
RPSNMLSLRHIGFDH86CC,坡道平面,1500,25.67,地下二樓
RPUNMLSLRHIGFDH07CC,坡道機械,500,13.22,地下一樓
RPVNMLSLRHIGFDH17CC,坡道平面,1000,28.17,地下一樓
RPXNMLSLRHIGFEH47CC,坡道平面,3000,34.72,地下三樓
RPRNMLSLRHIGFFH96CC,坡道平面,1000,,地下一樓
RPQNMLSLRHIGFFH86CC,坡道平面,3000,,地下二樓
RPTNMLSLRHIGFFH17CC,坡道平面,3000,25.14,地下二樓
RPVNMLSLRHIGFGH47CC,坡道平面,2600,,地下二樓
RPPNMLSLRHIGFHH96CC,坡道平面,0,33.07,地下一樓
RPUNMLSLRHIGFHH47CC,坡道平面,0,27.45,地下三樓
RPPNMLTLRHIGFAH98CC,坡道平面,0,,地下二樓
RPPNMLTLRHIGFGH96CC,坡道平面,1000,31.29,地下一樓
RPPNMLLJIIIGFBH27CC,坡道平面,1900,27.03,地下二樓
RPSNMLMJIIIGFAH57CC,坡道平面,2500,26.44,地下一樓
RPQNMLMJIIIGFAH37CC,坡道平面,0,26.45,地下二樓
RPVNMLMJIIIGFAH87CC,坡道平面,0,,地下一樓
RPWNMLMJIIIGFAH97CC,坡道平面,3000,9.16,地下一樓
RPOOMLMJIIIGFAH27CC,坡道平面,2500,,地下一樓
RPSOMLMJIIIGFBH77CC,坡道平面,3000,27.36,地下一樓
RPQQMLMJIIIGFBH77CC,坡道平面,4250,32.42,地下二樓
RPQNMLMJIIIGFEH77CC,坡道平面,2800,,地下二樓
RPPNMLMJIIIGFDH57CC,坡道平面,0,26.45,地下二樓
RPSNMLMJIIIGFGH18CC,坡道平面,2500,22.15,地下一樓
RPOOMLMJIIIGFGH87CC,坡道平面,1000,,地下三樓
RPWNMLMJIIIGFHH68CC,坡道平面,0,31.73,地下一樓
RPVOMLNJIIIGFAH08CC,坡道機械,0,,地下一樓
RPOPMLNJIIIGFAH47CC,坡道平面,0,,地下二樓
RPUNMLNJIIIGFBH97CC,坡道平面,0,18.68,地下二樓
RPQNMLNJIIIGFGH08CC,坡道平面,2500,33.69,地下三樓
RPPNMLOJIIIGFAH47CC,坡道平面,2700,,地下三樓
RPPPMLOJIIIGFAH67CC,坡道平面,3000,,地下三樓
RPPQMLOJIIIGFAH77CC,坡道平面,3500,11.55,地下一樓
RPQNMLOJIIIGFBH67CC,坡道平面,1500,,地下一樓
RPROMLOJIIIGFBH87CC,坡道平面,0,25.85,地下二樓
RPPOMLOJIIIGFBH67CC,坡道平面,2000,34.28,地下一樓
RPOOMLOJIIIGFCH67CC,坡道平面,1200,26.44,地下一樓
RPPOMLOJIIIGFCH77CC,坡道平面,1000,36.46,地下一樓
RPOOMLOJIIIGFDH77CC,坡道平面,0,37.18,地下一樓
RPTOMLOJIIIGFEH38CC,坡道平面,2000,34.76,地下二樓
RPPNMLOJIIIGFGH08CC,坡道平面,1000,,地下二樓
RPXNMLOJIIIGFGH88CC,坡道平面,2500,31.29,地下一樓
RPTNMLOJIIIGFHH58CC,坡道平面,2750,28.88,地下四樓
RPOOMLOJIIIGFHH18CC,坡道平面,0,53.98,地下二樓
RPQPMLOJIIIGFHH48CC,坡道平面,3000,33.75,地下一樓
RPOPMLPJIIIGFAH67CC,坡道平面,2500,37.06,地下一樓
RPXPMLPJIIIGFBH68CC,坡道平面,0,37.52,地下三樓
RPSQMLPJIIIGFBH28CC,坡道平面,0,31.07,地下四樓
RPQQMLPJIIIGFBH08CC,坡道平面,0,24.36,地下一樓
RPSNMLPJIIIGFCH08CC,坡道平面,0,36.46,地下二樓
RPSNMLPJIIIGFEH28CC,坡道平面,0,27.72,地下一樓
RPUNMLPJIIIGFEH48CC,坡道平面,1000,28.08,地下一樓
RPTNMLPJIIIGFEH38CC,坡道平面,0,30.8,地下一樓
RPRNMLPJIIIGFHH48CC,坡道平面,1500,37.58,地下二樓
RPWOMLQJIIIGFAH48CC,坡道平面,1000,,地下一樓
RPVNMLQJIIIGFAH28CC,坡道機械,2000,,地下一樓
RPVNMLPJIIIGFHH88CC,坡道平面,3000,,地下一樓
RPSOMLQJIIIGFBH18CC,坡道平面,2000,,地下三樓
RPVOMLQJIIIGFBH48CC,坡道平面,1000,,地下一樓
RPQNMLQJIIIGFEH18CC,坡道平面,0,1.0,地下一樓
RPWNMLQJIIIGFGH98CC,坡道平面,2000,,地下一樓
RPSNMLQJIIIGFHH68CC,坡道平面,0,25.84,地下一樓
RPPNMLQJIIIGFBH87DC,坡道平面,0,,地下三樓
RPPNMLQJIIIGFBH87DC,坡道平面,0,,地下三樓
RPQNMLSJIIIGFBH08CC,坡道平面,2000,23.18,地下一樓
RPTNMLKKIIIGFCH77CC,坡道平面,0,42.72,地下二樓
RPVQMLLKIIIGFAH18CC,坡道平面,0,,地下二樓
RPORMLLKIIIGFAH57CC,坡道平面,3000,26.47,地下一樓
RPPRMLLKIIIGFAH67CC,坡道平面,1000,47.25,地下一樓
RPRNMLLKIIIGFBH57CC,坡道平面,0,43.66,地下二樓
RPOOMLLKIIIGFBH37CC,坡道平面,3000,41.13,地下二樓
RPRPMLLKIIIGFBH77CC,坡道平面,2000,,地下三樓
RPSPMLLKIIIGFBH87CC,坡道平面,3000,30.99,地下二樓
RPPQMLLKIIIGFBH67CC,一樓平面,2000,,一樓
RPOQMLLKIIIGFBH57CC,坡道平面,1500,,地下一樓
RPOOMLLKIIIGFCH47CC,坡道平面,1000,,地下一樓
RPVNMLLKIIIGFEH28CC,坡道平面,2000,,地下三樓
RPOOMLLKIIIGFEH67CC,坡道平面,0,30.8,地下二樓
RPXNMLLKIIIGFGH68CC,坡道平面,1000,,地下一樓
RPOOMLLKIIIGFGH87CC,坡道平面,1000,24.67,地下一樓
RPSOMLLKIIIGFHH38CC,坡道平面,2500,33.12,地下一樓
RPTOMLLKIIIGFHH48CC,坡道平面,2000,,地下一樓
RPUOMLLKIIIGFHH58CC,坡道機械,1500,22.48,地下四樓
RPQNMLMKIIIGFAH47CC,坡道平面,3000,41.41,地下四樓
RPTNMLMKIIIGFAH77CC,坡道平面,3000,36.33,地下一樓
RPTNMLMKIIIGFBH87CC,坡道平面,2000,23.85,地下二樓
RPRNMLMKIIIGFBH67CC,坡道平面,3000,24.48,地下二樓
RPSOMLMKIIIGFBH87CC,坡道機械,2000,,地下一樓
RPTRMLMKIIIGFBH28CC,坡道平面,0,,地下三樓
RPPNMLMKIIIGFDH67CC,坡道平面,1000,27.31,地下二樓
RPQOMLMKIIIGFDH87CC,坡道平面,1000,,地下一樓
RPQNMLMKIIIGFEH87CC,坡道平面,2000,33.2,地下二樓
RPUNMLMKIIIGFGH48CC,坡道平面,2000,,地下一樓
RPWOMLNKIIIGFAH28CC,坡道平面,0,52.66,地下三樓
RPOQMLNKIIIGFAH67CC,坡道平面,3000,34.04,地下二樓
RPTPMLNKIIIGFAH08CC,坡道平面,3000,25.32,地下二樓
RPWOMLNKIIIGFBH38CC,坡道平面,2200,40.11,地下四樓
RPOQMLNKIIIGFBH77CC,坡道平面,1500,36.76,地下四樓
RPVQMLNKIIIGFBH48CC,坡道機械,0,17.11,地下三樓
RPQRMLNKIIIGFBH08CC,坡道機械,0,17.11,地下三樓
RPRSMLNKIIIGFBH28CC,坡道平面,2300,,地下一樓
RPRRMLNKIIIGFBH18CC,坡道機械,0,17.11,地下三樓
RPSSMLNKIIIGFBH38CC,坡道平面,0,37.38,地下二樓
RPSSMLNKIIIGFBH38CC,坡道平面,0,37.38,地下二樓
RPTNMLOKIIIGFBH08CC,坡道平面,0,27.86,地下二樓
RPPOMLOKIIIGFBH77CC,坡道平面,0,,地下一樓
RPPNMLOKIIIGFHH28CC,坡道平面,0,14.56,地下四樓
RPQNMLOKIIIGFHH38CC,坡道平面,0,14.56,地下四樓
RPPNMLPKIIIGFEH08CC,坡道平面,0,49.69,地下二樓
RPQOMLQKIIIGFAH97CC,坡道平面,2500,32.44,地下一樓
RPUNMLQKIIIGFBH38CC,坡道平面,0,31.39,地下一樓
RPRQMLQKIIIGFBH38CC,坡道平面,3000,35.13,地下一樓
RPWPMLQKIIIGFBH78CC,坡道平面,0,33.65,地下三樓
RPVNMLQKIIIGFDH68CC,坡道平面,2400,,地下一樓
RPPOMLQKIIIGFDH18CC,坡道平面,2500,30.98,地下一樓
RPXNMLRKIIIGFAH68CC,坡道平面,2500,,地下一樓
RPUPMLRKIIIGFAH58CC,坡道平面,2500,,地下一樓
RPPPMLRKIIIGFAH08CC,坡道平面,0,,地下二樓
RPROMLRKIIIGFBH28CC,坡道平面,0,35.03,地下二樓
RPPNMLRKIIIGFCH08CC,坡道平面,2500,30.2,地下二樓
RPQQMLRKIIIGFBH38CC,坡道平面,3000,40.11,地下一樓
RPRNMLRKIIIGFCH28CC,坡道平面,1000,,地下二樓
RPROMLRKIIIGFCH38CC,坡道平面,1500,,地下一樓
RPPNMLRKIIIGFDH18CC,坡道平面,1500,,地下二樓
RPRPMLRKIIIGFEH68CC,坡道平面,0,28.29,地下三樓
RPPOMLRKIIIGFHH68CC,坡道平面,3000,28.29,地下二樓
RPWOMLSKIIIGFAH78CC,坡道平面,0,34.45,地下三樓
RPUOMLSKIIIGFBH68CC,坡道平面,3000,36.15,地下三樓
RPQNMLSKIIIGFDH38CC,坡道平面,0,,地下一樓
RPSNMLTKIIIGFAH38CC,坡道平面,3000,,地下二樓
RPXOMLTKIIIGFAH98CC,坡道平面,0,,地下一樓
RPUOMLTKIIIGFAH68CC,坡道平面,2000,40.71,地下二樓
RPWNMLTKIIIGFBH88CC,坡道平面,0,,地下二樓
RPSPMLTKIIIGFAH58CC,坡道平面,2500,37.3,地下一樓
RPOPMLTKIIIGFEH58CC,坡道平面,3000,28.3,地下三樓
RPXNMLKLIIIGFAH08CC,坡道平面,1500,,地下二樓
RPVOMLTKIIIGFGH76CC,坡道平面,2500,33.69,地下一樓
RPWOMLKLIIIGFAH08CC,坡道平面,3000,30.37,地下二樓
RPXNMLKLIIIGFBH18CC,坡道平面,2000,23.32,地下三樓
RPOOMLKLIIIGFDH57CC,坡道平面,1000,37.04,地下一樓
RPPOMLKLIIIGFDH67CC,坡道平面,1500,,地下一樓
RPQNMLKLIIIGFHH08CC,坡道平面,2500,,地下二樓
RPQNMLKLIIIGFGH97CC,坡道平面,3500,34.41,地下二樓
RPPNMLMLIIIGFGH08CC,坡道平面,0,,地下一樓
RPRPMLNLIIIGFAH97CC,坡道平面,2000,37.3,地下三樓
RPUPMLNLIIIGFAH28CC,坡道平面,2000,,地下一樓
RPXPMLNLIIIGFAH58CC,坡道平面,2500,36.5,地下一樓
RPRQMLNLIIIGFAH08CC,坡道平面,2500,34.23,地下三樓
RPWQMLNLIIIGFAH58CC,坡道平面,3000,,地下一樓
RPVRMLNLIIIGFAH58CC,坡道平面,3000,,地下一樓
RPVNMLNLIIIGFEH58CC,坡道平面,3000,35.76,地下三樓
RPVOMLOLIIIGFAH38CC,坡道平面,3000,42.95,地下一樓
RPSNMLOLIIIGFDH28CC,坡道平面,1500,,地下二樓
RPOPMLQLIIIGFAH97CC,坡道平面,2500,27.48,地下一樓
RPQOMLQLIIIGFBH18CC,坡道平面,0,,地下二樓
RPQOMLQLIIIGFBH18CC,坡道平面,0,,地下二樓
RPUPMLQLIIIGFBH68CC,坡道平面,0,,地下二樓
RPOQMLQLIIIGFBH18CC,坡道平面,0,,地下三樓
RPSQMLQLIIIGFBH58CC,坡道平面,0,,地下二樓
RPPNMLQLIIIGFCH08CC,一樓平面,0,244.6,一樓
RPRNMLRLIIIGFCH38CC,坡道平面,1500,,地下一樓
RPTNMLRLIIIGFFH88CC,坡道平面,3000,45.74,地下一樓
RPSOMLKMIIIGFAH77CC,坡道平面,3500,25.6,地下四樓
RPOOMLLJJIIGFAH27CC,坡道平面,0,27.64,地下二樓
RPPNMLPLRHIGFAI78DC,坡道平面,0,,地下一樓
RPVNMLPLRHIGFAI66CC,坡道平面,0,,地下一樓
RPPNMLRLRHIGFAI88CC,坡道平面,0,,地下一樓
RPWNMLLKIIIGFAI08CC,一樓平面,0,,一樓
RPOOMLLKIIIGFAI37CC,坡道平面,0,,地下一樓
RPQNMLNLRHIGFBJ78CC,坡道平面,0,,地下一樓
RPPNMLQLRHIGFBJ98CC,坡道平面,0,33.53,地下二樓
RPQNMLSLRHIGFBJ66CC,坡道平面,0,,地下一樓
RPQNMLSLRHIGFBJ66CC,坡道平面,0,,地下一樓
RPQNMLSLRHIGFBJ66CC,坡道平面,0,,地下一樓
RPQNMLLKIIIGFBJ67CC,坡道平面,0,,地下一樓
RPUNMLLKIIIGFBJ08CC,坡道平面,0,,地下二樓
RPUNMLLKIIIGFBJ08CC,坡道平面,0,,地下二樓
RPUNMLLKIIIGFBJ08CC,坡道平面,0,,地下二樓
RPUNMLLKIIIGFBJ08CC,坡道平面,0,,地下二樓
RPUNMLLKIIIGFBJ08CC,坡道平面,0,,地下二樓
RPRPMLSKIIIGFBJ68CC,坡道平面,0,,地下一樓
RPPNMLKMIIIGFBJ67CC,坡道機械,0,,地下二樓
RPSNMLRLIIIGFBJ58CC,坡道平面,0,,地下二樓
RPVNMLRLIIIGFBJ88CC,坡道平面,0,,地下一樓
RPVNMLRLIIIGFBJ88CC,坡道平面,0,,地下一樓
RPTNMLRLIIIGFBJ68CC,坡道平面,0,,地下一樓
RPTNMLRLIIIGFBJ68CC,坡道平面,0,,地下一樓
RPTNMLRLIIIGFBJ68CC,坡道平面,0,,地下一樓
RPTNMLRLIIIGFBJ68CC,坡道平面,0,,地下一樓
RPTNMLRLIIIGFBJ68CC,坡道平面,0,,地下二樓
RPTNMLRLIIIGFBJ68CC,坡道平面,0,,地下二樓
RPTNMLRLIIIGFBJ68CC,坡道平面,0,,地下二樓
RPTNMLMLRHIGFAO76CC,坡道平面,0,30.16,地下二樓
RPQNMLNLRHIGFAO56CC,升降機械,1500,13.2,地下二樓
RPRNMLSLRHIGFAO17CC,坡道平面,0,,地下一樓
RPPNMLPKIIIGFAO38CC,坡道機械,0,20.87,地下三樓
RPPNMLOKIIIGFAO28CC,坡道平面,0,28.88,地下五樓含以下
RPPNMLTKIIIGFDQ66CC,坡道平面,0,29.88,地下一樓
RPPNMLSLRHIGFDQ47CC,坡道平面,0,29.88,地下二樓
RPPNMLQLRHIGFAT37DC,坡道機械,0,,地下一樓
